<visualizations>
  <visualization-list name="ajax" show-in-web="true" view-mode="51">
    <visualization attribute-minimum="1" desc="ArriaForMicroStrategy" drop-zones="plugins.ArriaForMicroStrategy.ArriaForMicroStrategyDropZones" editor-model="plugins.ArriaForMicroStrategy.ArriaForMicroStrategyEditorModel" metric-minimum="1" scope="19" style-name="ArriaForMicroStrategy" widget-type="7" is-mojo="true"/>
  </visualization-list>
  <visualization-list name="android" show-in-web="false" view-mode="72">
    <visualization attribute-minimum="1" desc="ArriaForMicroStrategy" drop-zones="plugins.ArriaForMicroStrategy.ArriaForMicroStrategyDropZones" editor-model="plugins.ArriaForMicroStrategy.ArriaForMicroStrategyEditorModel" metric-minimum="1" scope="19" style-name="ArriaForMicroStrategy" widget-type="7" is-mojo="true"/>
  </visualization-list>
  <visualization-list name="iphone" show-in-web="false" view-mode="70">
    <visualization attribute-minimum="1" desc="ArriaForMicroStrategy" drop-zones="plugins.ArriaForMicroStrategy.ArriaForMicroStrategyDropZones" editor-model="plugins.ArriaForMicroStrategy.ArriaForMicroStrategyEditorModel" metric-minimum="1" scope="19" style-name="ArriaForMicroStrategy" widget-type="7" is-mojo="true"/>
  </visualization-list>
  <visualization-list name="ipad" show-in-web="false" view-mode="71">
    <visualization attribute-minimum="1" desc="ArriaForMicroStrategy" drop-zones="plugins.ArriaForMicroStrategy.ArriaForMicroStrategyDropZones" editor-model="plugins.ArriaForMicroStrategy.ArriaForMicroStrategyEditorModel" metric-minimum="1" scope="19" style-name="ArriaForMicroStrategy" widget-type="7" is-mojo="true"/>
  </visualization-list>
  <visualization-list name="androidTablet" show-in-web="false" view-mode="73">
    <visualization attribute-minimum="1" desc="ArriaForMicroStrategy" drop-zones="plugins.ArriaForMicroStrategy.ArriaForMicroStrategyDropZones" editor-model="plugins.ArriaForMicroStrategy.ArriaForMicroStrategyEditorModel" metric-minimum="1" scope="19" style-name="ArriaForMicroStrategy" widget-type="7" is-mojo="true"/>
  </visualization-list>
</visualizations>